,SES0100,date,time,ECB0100,SST0100,SPS0100,ETB0100,AHA0100,SHS0100,SRT0100,ARA0100,EOS0100,SIR0100
0,,2021-07-16,01:45:06.170313,,,,,,,,ON,,
1,,2021-07-16,01:45:21.554534,,,,,,,,ON,,
2,,2021-07-16,01:45:36.775037,,,,,,,,ON,,
3,,2021-07-16,01:45:51.918168,,,,,,,,ON,,
4,,2021-07-16,01:45:53.151488,,,,,,,23.551710824511925,,,
5,,2021-07-16,01:46:07.006287,,,,,,,,ON,,
6,,2021-07-16,01:46:08.169198,,,,,,,23.578365284689088,,,
7,,2021-07-16,01:46:22.127292,,,,,,,,ON,,
8,,2021-07-16,01:46:23.149676,,,,,,,23.534287566550496,,,
9,,2021-07-16,01:46:37.260522,,,,,,,,ON,,
10,,2021-07-16,01:46:38.154885,,,,,,,23.54563213852771,,,
11,,2021-07-16,01:46:52.401026,,,,,,,,ON,,
12,,2021-07-16,01:46:53.150507,,,,,,,23.528182246623736,,,
13,,2021-07-16,01:54:33.643916,,,,,,,23.29406350956368,,,
14,,2021-07-16,01:54:34.429739,,,,,,,,ON,,
15,,2021-07-16,01:54:48.637488,,,,,,,23.248332381001195,,,
16,,2021-07-16,01:54:49.455559,,,,,,,,ON,,
17,,2021-07-16,01:55:03.638809,,,,,,,23.25084831700828,,,
18,,2021-07-16,01:55:04.538853,,,,,,,,ON,,
19,,2021-07-16,01:55:18.641384,,,,,,,23.288159084840288,,,
20,,2021-07-16,01:55:19.618371,,,,,,,,OFF,,
21,,2021-07-16,01:55:33.688472,,,,,,,23.33825829523089,,,
22,,2021-07-16,01:55:34.742528,,,,,,,,OFF,,
23,,2021-07-16,01:55:48.644006,,,,,,,23.349588396161433,,,
24,,2021-07-16,01:55:49.843996,,,,,,,,OFF,,
25,,2021-07-16,01:56:03.646332,,,,,,,23.304067919037447,,,
26,,2021-07-16,01:56:04.964549,,,,,,,,OFF,,
27,,2021-07-16,01:56:18.652878,,,,,,,23.280112403216524,,,
28,,2021-07-16,01:56:20.102863,,,,,,,,OFF,,
29,,2021-07-16,01:56:33.649896,,,,,,,23.239637088065447,,,
30,,2021-07-16,01:56:35.184575,,,,,,,,OFF,,
31,,2021-07-16,01:59:08.994531,,,,,,,23.260400108613556,,,
32,,2021-07-16,01:59:09.534737,,,,,,,,ON,,
33,,2021-07-16,01:59:23.974011,,,,,,,23.33175378541437,,,
34,,2021-07-16,01:59:24.612937,,,,,,,,ON,,
35,,2021-07-16,01:59:38.973698,,,,,,,23.345282100092,,,
36,,2021-07-16,01:59:39.702145,,,,,,,,ON,,
37,,2021-07-16,01:59:53.983633,,,,,,,23.36972873520085,,,
38,,2021-07-16,01:59:54.775022,,,,,,,,OFF,,
39,,2021-07-16,02:00:08.972760,,,,,,,23.386987052698327,,,
40,,2021-07-16,02:00:09.924367,,,,,,,,OFF,,
41,,2021-07-16,02:00:23.977480,,,,,,,23.43118280277173,,,
42,,2021-07-16,02:00:25.041743,,,,,,,,OFF,,
43,,2021-07-16,02:00:38.976259,,,,,,,23.44998853919407,,,
44,,2021-07-16,02:00:40.166553,,,,,,,,OFF,,
45,,2021-07-16,02:00:53.982087,,,,,,,23.43775534260098,,,
46,,2021-07-16,02:00:55.250097,,,,,,,,OFF,,
47,,2021-07-16,02:01:08.973068,,,,,,,23.4955213680075,,,
48,,2021-07-16,02:01:10.334462,,,,,,,,OFF,,
49,,2021-07-16,02:01:24.006383,,,,,,,23.511534564340845,,,
50,,2021-07-16,02:01:25.412195,,,,,,,,OFF,,
51,,2021-07-16,02:01:39.004180,,,,,,,23.464071662633945,,,
52,,2021-07-16,02:01:40.486281,,,,,,,,OFF,,
53,,2021-07-16,02:01:54.031939,,,,,,,23.528447248145586,,,
54,,2021-07-16,02:01:55.559946,,,,,,,,OFF,,
55,,2021-07-16,02:02:08.985594,,,,,,,23.558002175385,,,
56,,2021-07-16,02:02:10.667115,,,,,,,,OFF,,
57,,2021-07-16,02:02:23.988222,,,,,,,23.56656442588913,,,
58,,2021-07-16,02:02:25.750879,,,,,,,,OFF,,
59,,2021-07-16,02:02:38.999762,,,,,,,23.566995377578955,,,
60,,2021-07-16,02:02:40.830282,,,,,,,,OFF,,
61,,2021-07-16,02:10:58.239271,,,,,,,,ON,,
62,,2021-07-16,02:10:59.789163,,,,,,,23.393507891648607,,,
63,,2021-07-16,02:11:13.341515,,,,,,,,ON,,
64,,2021-07-16,02:11:14.790469,,,,,,,23.38404007951664,,,
65,,2021-07-16,02:11:28.476881,,,,,,,,ON,,
66,,2021-07-16,02:11:29.793837,,,,,,,23.35414447515686,,,
67,,2021-07-16,02:11:43.569338,,,,,,,,ON,,
68,,2021-07-16,02:11:44.818217,,,,,,,23.30307481372804,,,
69,,2021-07-16,02:11:58.663824,,,,,,,,OFF,,
70,,2021-07-16,02:11:59.808186,,,,,,,23.303164243691374,,,
71,,2021-07-16,02:12:13.748704,,,,,,,,OFF,,
72,,2021-07-16,02:12:14.809896,,,,,,,23.31106506655409,,,
73,,2021-07-16,02:12:28.830526,,,,,,,,OFF,,
74,,2021-07-16,02:12:29.808346,,,,,,,23.33878125516816,,,
75,,2021-07-16,02:12:43.913116,,,,,,,,OFF,,
76,,2021-07-16,02:12:44.808835,,,,,,,23.413004024004106,,,
77,,2021-07-16,02:12:59.055312,,,,,,,,OFF,,
78,,2021-07-16,02:12:59.812946,,,,,,,23.46484278311462,,,
79,,2021-07-16,02:16:07.641565,,,,,,56.70641897444757,,,,
80,,2021-07-16,02:16:14.677053,,,,,ON,,,,,
81,,2021-07-16,02:16:22.635054,,,,,,56.748984875894116,,,,
82,,2021-07-16,02:16:29.760574,,,,,ON,,,,,
83,,2021-07-16,02:16:37.635234,,,,,,56.6848171148221,,,,
84,,2021-07-16,02:16:44.869560,,,,,ON,,,,,
85,,2021-07-16,02:16:52.635545,,,,,,56.61022088817988,,,,
86,,2021-07-16,02:16:59.966407,,,,,ON,,,,,
87,,2021-07-16,02:17:07.653573,,,,,,56.6742584170524,,,,
88,,2021-07-16,02:17:15.054297,,,,,OFF,,,,,
89,,2021-07-16,02:21:17.176399,,,,,ON,,,,,
90,,2021-07-16,02:21:18.402586,,,,,,50.35630616825733,,,,
91,,2021-07-16,02:21:32.291649,,,,,ON,,,,,
92,,2021-07-16,02:21:33.402054,,,,,,50.302036839447965,,,,
93,,2021-07-16,02:21:47.377990,,,,,ON,,,,,
94,,2021-07-16,02:21:48.407635,,,,,,50.35082005076085,,,,
95,,2021-07-16,02:22:02.498761,,,,,ON,,,,,
96,,2021-07-16,02:22:03.408056,,,,,,50.4220518602536,,,,
97,,2021-07-16,02:27:43.170070,,,,,ON,,,,,
98,,2021-07-16,02:27:43.269541,,,,"{'maxValueVolt': 5.1358086200747834, 'minValueVolt': -0.17818744657196658, 'maxValueCurr': 19.94868732607256, 'minValueCurr': 4.000096414473165}",,,,,,
99,,2021-07-16,02:27:44.629047,,,,,,,,,Pass,
100,0.0,2021-07-16,02:27:48.544608,,,,,,,,,,
101,,2021-07-16,02:27:48.645231,RUN,,,,,,,,,
102,,2021-07-16,02:27:48.746763,,217.0953088563118,,,,,,,,
103,,2021-07-16,02:27:48.895123,,,1.275099266063481,,,,,,,
104,,2021-07-16,02:27:48.995311,,,,"{'maxValueVolt': 4.849776571451234, 'minValueVolt': -0.04539879693303004, 'maxValueCurr': 19.981683050227225, 'minValueCurr': 4.065447130306581}",,,,,,
105,0.0,2021-07-16,02:27:53.546083,,,,,,,,,,
106,,2021-07-16,02:27:53.647967,RUN,,,,,,,,,
107,,2021-07-16,02:27:53.747630,,217.03344866912983,,,,,,,,
108,,2021-07-16,02:27:53.850554,,,2.279376256796719,,,,,,,
109,0.0,2021-07-16,02:27:58.659129,,,,,,,,,,
110,,2021-07-16,02:27:58.738871,,,,PFPF,,,,,,
111,,2021-07-16,02:27:58.877867,RUN,,,,,,,,,
112,,2021-07-16,02:27:59.006514,,217.21027933011231,,,,,,,,
113,,2021-07-16,02:27:59.128081,,,3.2043205162490365,,,,,,,
114,,2021-07-16,02:27:59.735630,,,,,,,,,Pass,
115,0.0,2021-07-16,02:28:03.545509,,,,,,,,,,
116,,2021-07-16,02:28:03.647819,RUN,,,,,,,,,
117,,2021-07-16,02:28:03.749816,,217.38745893407767,,,,,,,,
118,,2021-07-16,02:28:03.872072,,,4.21917284500723,,,,,,,
119,,2021-07-16,02:28:04.022666,,,,"{'maxValueVolt': 5.085503399493122, 'minValueVolt': 0.06796486483131332, 'maxValueCurr': 20.068579369995216, 'minValueCurr': 4.042688363471604}",,,,,,
120,0.0,2021-07-16,02:28:08.544072,,,,,,,,,,
121,,2021-07-16,02:28:08.645472,RUN,,,,,,,,,
122,,2021-07-16,02:28:08.748894,,217.4254209010393,,,,,,,,
123,,2021-07-16,02:28:08.853113,,,5.217193319496972,,,,,,,
124,0.0,2021-07-16,02:28:13.548962,,,,,,,,,,
125,,2021-07-16,02:28:13.650639,RUN,,,,,,,,,
126,,2021-07-16,02:28:13.758062,,217.4511159938725,,,,,,,,
127,,2021-07-16,02:28:13.864450,,,,PPPP,,,,,,
128,,2021-07-16,02:28:13.957110,,,6.186757606105164,,,,,,,
129,,2021-07-16,02:28:14.832028,,,,,,,,,Pass,
130,0.0,2021-07-16,02:28:18.544305,,,,,,,,,,
131,,2021-07-16,02:28:18.645367,RUN,,,,,,,,,
132,,2021-07-16,02:28:18.747845,,217.40659123825245,,,,,,,,
133,,2021-07-16,02:28:18.846747,,,7.21672489822982,,,,,,,
134,,2021-07-16,02:28:19.125083,,,,"{'maxValueVolt': 4.983134621448088, 'minValueVolt': -0.13604209252402108, 'maxValueCurr': 19.978694360247033, 'minValueCurr': 3.960737617095349}",,,,,,
135,0.0,2021-07-16,02:28:23.550519,,,,,,,,,,
136,,2021-07-16,02:28:23.670951,RUN,,,,,,,,,
137,,2021-07-16,02:28:23.773428,,217.58651435683285,,,,,,,,
138,,2021-07-16,02:28:23.902732,,,8.212861762623657,,,,,,,
139,0.0,2021-07-16,02:28:28.545467,,,,,,,,,,
140,,2021-07-16,02:28:28.653695,RUN,,,,,,,,,
141,,2021-07-16,02:28:28.758319,,217.5696799471916,,,,,,,,
142,,2021-07-16,02:28:28.855249,,,9.179547285422188,,,,,,,
143,,2021-07-16,02:28:29.067995,,,,FPPP,,,,,,
144,,2021-07-16,02:28:29.955050,,,,,,,,,Pass,
145,0.0,2021-07-16,02:28:33.544430,,,,,,,,,,
146,,2021-07-16,02:28:33.648585,RUN,,,,,,,,,
147,,2021-07-16,02:28:33.768071,,217.6485566047892,,,,,,,,
148,,2021-07-16,02:28:33.864380,,,10.195173355432654,,,,,,,
149,,2021-07-16,02:28:34.230849,,,,"{'maxValueVolt': 5.01027017494594, 'minValueVolt': 0.0025033754843864888, 'maxValueCurr': 20.053697403311098, 'minValueCurr': 4.008620664195674}",,,,,,
150,0.0,2021-07-16,02:28:38.546798,,,,,,,,,,
151,,2021-07-16,02:28:38.646237,RUN,,,,,,,,,
152,,2021-07-16,02:28:38.771140,,217.57930976834072,,,,,,,,
153,,2021-07-16,02:28:38.862524,,,11.231980310866769,,,,,,,
154,0.0,2021-07-16,02:28:43.544502,,,,,,,,,,
155,,2021-07-16,02:28:43.650510,RUN,,,,,,,,,
156,,2021-07-16,02:28:43.755075,,217.43300813154758,,,,,,,,
157,,2021-07-16,02:28:43.849420,,,12.256417944633881,,,,,,,
158,,2021-07-16,02:28:43.949487,,,,,,,,,,"{'True': 46, 'False': 14}"
159,,2021-07-16,02:28:44.301603,,,,PPPP,,,,,,
160,,2021-07-16,02:28:45.043722,,,,,,,,,Pass,
161,0.0,2021-07-16,02:28:48.545953,,,,,,,,,,
162,,2021-07-16,02:28:48.663226,RUN,,,,,,,,,
163,,2021-07-16,02:28:48.802454,,217.55836012564708,,,,,,,,
164,,2021-07-16,02:28:48.918327,,,13.254692319207154,,,,,,,
165,,2021-07-16,02:28:49.325111,,,,"{'maxValueVolt': 4.941765939578882, 'minValueVolt': 0.025879522350802226, 'maxValueCurr': 19.992815284793824, 'minValueCurr': 4.054534310622131}",,,,,,
166,0.0,2021-07-16,02:28:53.544568,,,,,,,,,,
167,,2021-07-16,02:28:53.648783,HALT,,,,,,,,,
168,,2021-07-16,02:28:53.752795,,217.6894753639381,,,,,,,,
169,,2021-07-16,02:28:53.857261,,,14.274223226047955,,,,,,,
170,0.0,2021-07-16,02:28:58.548471,,,,,,,,,,
171,,2021-07-16,02:28:58.675575,HALT,,,,,,,,,
172,,2021-07-16,02:28:58.775365,,217.76449857996369,,,,,,,,
173,,2021-07-16,02:28:58.877130,,,15.226797482958546,,,,,,,
174,,2021-07-16,02:29:00.167358,,,,,,,,,Pass,
175,0.0,2021-07-16,02:29:03.546056,,,,,,,,,,
176,,2021-07-16,02:29:03.656132,HALT,,,,,,,,,
177,,2021-07-16,02:29:03.755666,,217.9075169255869,,,,,,,,
178,,2021-07-16,02:29:03.857061,,,16.257101080205242,,,,,,,
179,,2021-07-16,02:29:03.990225,,,,PPPP,,,,,,
180,,2021-07-16,02:29:04.408916,,,,"{'maxValueVolt': 4.983480584524977, 'minValueVolt': -0.10113780882992728, 'maxValueCurr': 19.962381225075024, 'minValueCurr': 4.006335086708469}",,,,,,
181,0.0,2021-07-16,02:29:08.550233,,,,,,,,,,
182,,2021-07-16,02:29:08.648855,HALT,,,,,,,,,
183,,2021-07-16,02:29:08.758653,,217.97489832780082,,,,,,,,
184,,2021-07-16,02:29:08.849807,,,17.241453256020414,,,,,,,
185,0.0,2021-07-16,02:29:13.546233,,,,,,,,,,
186,,2021-07-16,02:29:13.646530,HALT,,,,,,,,,
187,,2021-07-16,02:29:13.746979,,217.8645669244909,,,,,,,,
188,,2021-07-16,02:29:13.848578,,,18.23366276212133,,,,,,,
189,,2021-07-16,02:29:15.258034,,,,,,,,,Fail,
190,0.0,2021-07-16,02:29:18.549569,,,,,,,,,,
191,,2021-07-16,02:29:18.658720,HALT,,,,,,,,,
192,,2021-07-16,02:29:18.757003,,218.0366717059481,,,,,,,,
193,,2021-07-16,02:29:18.888286,,,19.243867323869928,,,,,,,
194,,2021-07-16,02:29:19.189238,,,,PPPP,,,,,,
195,,2021-07-16,02:29:19.501963,,,,"{'maxValueVolt': 5.002818162434499, 'minValueVolt': -0.04174848293983496, 'maxValueCurr': 19.94526688709203, 'minValueCurr': 3.9106761163667465}",,,,,,
196,0.0,2021-07-16,02:29:23.550087,,,,,,,,,,
197,,2021-07-16,02:29:23.651364,HALT,,,,,,,,,
198,,2021-07-16,02:29:23.812189,,217.97313936134026,,,,,,,,
199,,2021-07-16,02:29:23.939773,,,20.22372423904845,,,,,,,
200,0.0,2021-07-16,02:29:28.550701,,,,,,,,,,
201,,2021-07-16,02:29:28.651700,HALT,,,,,,,,,
202,,2021-07-16,02:29:28.751772,,218.1531331591848,,,,,,,,
203,,2021-07-16,02:29:28.852998,,,21.229737171212406,,,,,,,
204,,2021-07-16,02:29:30.355684,,,,,,,,,Pass,
205,0.0,2021-07-16,02:29:33.557108,,,,,,,,,,
206,,2021-07-16,02:29:33.658480,HALT,,,,,,,,,
207,,2021-07-16,02:29:33.759988,,218.2957610404284,,,,,,,,
208,,2021-07-16,02:29:33.859976,,,22.29596601522345,,,,,,,
209,,2021-07-16,02:29:34.432496,,,,FPPP,,,,,,
210,,2021-07-16,02:29:34.606035,,,,"{'maxValueVolt': 4.869402016814546, 'minValueVolt': 0.08160092075849401, 'maxValueCurr': 19.96430754989207, 'minValueCurr': 3.9145074888854867}",,,,,,
211,0.0,2021-07-16,02:29:38.566591,,,,,,,,,,
212,,2021-07-16,02:29:38.680589,HALT,,,,,,,,,
213,,2021-07-16,02:29:38.782161,,218.4304590150766,,,,,,,,
214,,2021-07-16,02:29:38.885466,,,23.280481553292088,,,,,,,
215,0.0,2021-07-16,02:29:43.556930,,,,,,,,,,
216,,2021-07-16,02:29:43.662841,HALT,,,,,,,,,
217,,2021-07-16,02:29:43.764569,,218.5237586027898,,,,,,,,
218,,2021-07-16,02:29:43.867002,,,24.278350595791487,,,,,,,
219,,2021-07-16,02:29:43.979921,,,,,,,,,,"{'True': 44, 'False': 16}"
220,,2021-07-16,02:29:45.441971,,,,,,,,,Pass,
221,0.0,2021-07-16,02:29:48.558186,,,,,,,,,,
222,,2021-07-16,02:29:48.657518,HALT,,,,,,,,,
223,,2021-07-16,02:29:48.764083,,218.58531319401538,,,,,,,,
224,,2021-07-16,02:29:48.895570,,,25.254015265289183,,,,,,,
225,,2021-07-16,02:29:49.640049,,,,PPPP,,,,,,
226,,2021-07-16,02:29:49.822964,,,,"{'maxValueVolt': 4.945314329414999, 'minValueVolt': 0.004440598785699707, 'maxValueCurr': 19.951656491633063, 'minValueCurr': 4.020306827926784}",,,,,,
227,0.0,2021-07-16,02:29:53.556694,,,,,,,,,,
228,,2021-07-16,02:29:53.663284,HALT,,,,,,,,,
229,,2021-07-16,02:29:53.765971,,218.7653074760107,,,,,,,,
230,,2021-07-16,02:29:53.887433,,,26.338875739715142,,,,,,,
231,0.0,2021-07-16,02:29:58.557780,,,,,,,,,,
232,,2021-07-16,02:29:58.665095,HALT,,,,,,,,,
233,,2021-07-16,02:29:58.766475,,218.93892371378186,,,,,,,,
234,,2021-07-16,02:29:58.867121,,,27.364742601002998,,,,,,,
235,,2021-07-16,02:30:00.574177,,,,,,,,,Pass,
236,0.0,2021-07-16,02:30:03.556477,,,,,,,,,,
237,,2021-07-16,02:30:03.658068,HALT,,,,,,,,,
238,,2021-07-16,02:30:03.759264,,219.0,,,,,,,,
239,,2021-07-16,02:30:03.876625,,,28.409038160405693,,,,,,,
240,,2021-07-16,02:30:04.801676,,,,"{'maxValueVolt': 5.057449140196086, 'minValueVolt': -0.04625028688239865, 'maxValueCurr': 20.007268252793693, 'minValueCurr': 3.9900649658074046}",,,,,,
241,,2021-07-16,02:30:07.726212,,,,PFPP,,,,,,
242,0.0,2021-07-16,02:30:08.567614,,,,,,,,,,
243,,2021-07-16,02:30:08.681373,HALT,,,,,,,,,
244,,2021-07-16,02:30:08.784538,,219.0,,,,,,,,
245,,2021-07-16,02:30:08.886252,,,29.365961684549085,,,,,,,
246,0.0,2021-07-16,02:30:13.557750,,,,,,,,,,
247,,2021-07-16,02:30:13.665775,HALT,,,,,,,,,
248,,2021-07-16,02:30:13.765918,,218.8860393956813,,,,,,,,
249,,2021-07-16,02:30:13.864417,,,30.34797975699985,,,,,,,
250,,2021-07-16,02:30:15.665892,,,,,,,,,Pass,
251,0.0,2021-07-16,02:30:18.558455,,,,,,,,,,
252,,2021-07-16,02:30:18.660555,HALT,,,,,,,,,
253,,2021-07-16,02:30:18.759607,,219.0,,,,,,,,
254,,2021-07-16,02:30:18.875033,,,31.35408911665041,,,,,,,
255,,2021-07-16,02:30:19.888728,,,,"{'maxValueVolt': 4.864150421717984, 'minValueVolt': -0.055323595380079076, 'maxValueCurr': 19.968675053412944, 'minValueCurr': 4.0219197507557745}",,,,,,
256,,2021-07-16,02:30:22.881868,,,,PFPP,,,,,,
257,0.0,2021-07-16,02:30:23.558595,,,,,,,,,,
258,,2021-07-16,02:30:23.659467,HALT,,,,,,,,,
259,,2021-07-16,02:30:23.761633,,219.0,,,,,,,,
260,,2021-07-16,02:30:23.861043,,,32.32691080801631,,,,,,,
261,0.0,2021-07-16,02:30:28.559055,,,,,,,,,,
262,,2021-07-16,02:30:28.662019,HALT,,,,,,,,,
263,,2021-07-16,02:30:28.762078,,219.0,,,,,,,,
264,,2021-07-16,02:30:28.865530,,,33.28112558853089,,,,,,,
265,,2021-07-16,02:30:30.749273,,,,,,,,,Pass,
266,0.0,2021-07-16,02:30:33.556909,,,,,,,,,,
267,,2021-07-16,02:30:33.663514,HALT,,,,,,,,,
268,,2021-07-16,02:30:33.764757,,219.0,,,,,,,,
269,,2021-07-16,02:30:33.901164,,,34.305230807057384,,,,,,,
270,,2021-07-16,02:30:34.993474,,,,"{'maxValueVolt': 4.854143498481483, 'minValueVolt': 0.010393171128594274, 'maxValueCurr': 19.98729156240041, 'minValueCurr': 3.993633181549138}",,,,,,
271,,2021-07-16,02:30:38.042589,,,,PPPP,,,,,,
272,0.0,2021-07-16,02:30:38.558949,,,,,,,,,,
273,,2021-07-16,02:30:38.768948,HALT,,,,,,,,,
274,,2021-07-16,02:30:38.839720,,219.0,,,,,,,,
275,,2021-07-16,02:30:38.977010,,,35.270092297537474,,,,,,,
276,0.0,2021-07-16,02:30:43.558365,,,,,,,,,,
277,,2021-07-16,02:30:43.669259,HALT,,,,,,,,,
278,,2021-07-16,02:30:43.766809,,219.0,,,,,,,,
279,,2021-07-16,02:30:43.868586,,,36.24364784000383,,,,,,,
280,,2021-07-16,02:30:43.994885,,,,,,,,,,"{'True': 45, 'False': 15}"
281,,2021-07-16,02:30:45.858214,,,,,,,,,Pass,
282,0.0,2021-07-16,02:36:26.912259,,,,,,,,,,
283,,2021-07-16,02:36:27.040174,RUN,,,,,,,,,
284,,2021-07-16,02:36:27.200002,,219.0,,,,,,,,
285,,2021-07-16,02:36:27.339012,,,37.194839826186644,,,,,,,
286,,2021-07-16,03:58:46.889279,HALT,,,,,,,,,
287,,2021-07-16,03:58:47.110442,,216.58098670969693,,,,,,,,
288,,2021-07-16,03:58:47.278594,,,69.96134982519607,,,,,,,
289,,2021-07-16,03:58:47.430691,,,,,,,,OFF,,
290,,2021-07-16,03:58:47.549801,,,,,,,,,Pass,
291,,2021-07-16,03:58:47.722774,,,,,,,23.797388416654343,,,
292,,2021-07-16,03:58:47.834909,,,,"{'maxValueVolt': 5.142921565404992, 'minValueVolt': 0.04239319459302268, 'maxValueCurr': 19.935378067378707, 'minValueCurr': 3.965182392761961}",,,,,,
293,0.0,2021-07-16,03:58:48.028194,,,,,,,,,,
294,,2021-07-16,03:58:48.199720,HALT,,,,,,,,,
295,,2021-07-16,03:58:48.364000,,216.7269823704847,,,,,,,,
296,,2021-07-16,03:58:48.506406,,,79.96731177871136,,,,,,,
297,,2021-07-16,03:58:53.569577,,,,,,,23.572752027316398,,,
298,,2021-07-16,03:58:55.127267,,,,,,,,ON,,
299,,2021-07-16,03:58:57.247488,,,,,,54.54015249591704,,,,
300,,2021-07-16,03:58:58.776332,,,,,ON,,,,,
301,,2021-07-16,03:59:08.574130,,,,,,,23.61724450384428,,,
302,,2021-07-16,03:59:10.215408,,,,,,,,ON,,
303,,2021-07-16,03:59:12.267944,,,,,,54.549794417207174,,,,
304,,2021-07-16,03:59:13.848929,,,,,ON,,,,,
305,,2021-07-16,03:59:23.577301,,,,,,,23.685454734425612,,,
306,,2021-07-16,03:59:25.310418,,,,,,,,OFF,,
307,,2021-07-16,03:59:27.263146,,,,,,54.50716124298365,,,,
308,,2021-07-16,03:59:28.942904,,,,,ON,,,,,
309,,2021-07-16,03:59:38.578418,,,,,,,23.694790075574645,,,
310,,2021-07-16,04:01:04.826760,,,,,,,,OFF,,
311,,2021-07-16,04:01:05.001134,,,,,,54.576174258041384,,,,
312,,2021-07-16,04:01:05.172129,,,,PFFP,,,,,,
313,,2021-07-16,04:01:05.329516,,,,PPPF,,,,,,
314,,2021-07-16,04:01:05.488794,,,,PFPP,,,,,,
315,0.0,2021-07-16,04:01:05.677222,,,,,,,,,,
316,,2021-07-16,04:01:05.835119,RUN,,,,,,,,,
317,,2021-07-16,04:01:06.017131,,217.39719581444191,,,,,,,,
318,,2021-07-16,04:01:06.171900,,,10.27428399076776,,,,,,,
319,0.0,2021-07-16,04:01:07.100365,,,,,,,,,,
320,,2021-07-16,04:01:07.261255,,,,"{'maxValueVolt': 4.905765410561571, 'minValueVolt': -0.04561885348262744, 'maxValueCurr': 20.0048640869565, 'minValueCurr': 3.9899648033221933}",,,,,,
321,,2021-07-16,04:01:07.434270,HALT,,,,,,,,,
322,,2021-07-16,04:01:07.590575,,217.3184268589927,,,,,,,,
323,,2021-07-16,04:01:07.772275,,,20.22807104211221,,,,,,,
324,,2021-07-16,04:01:07.952335,,,,,,,,,Pass,
325,0.0,2021-07-16,04:01:12.098452,,,,,,,,,,
326,,2021-07-16,04:01:12.281195,HALT,,,,,,,,,
327,,2021-07-16,04:01:12.432437,,,,,,,23.40819864783999,,,
328,,2021-07-16,04:01:12.596197,,217.36611817695086,,,,,,,,
329,,2021-07-16,04:01:12.749690,,,30.260026907135625,,,,,,,
330,,2021-07-16,04:01:13.972960,,,,,,,,ON,,
331,,2021-07-16,04:01:16.145997,,,,,,55.855341774928796,,,,
332,0.0,2021-07-16,04:01:17.111110,,,,,,,,,,
333,,2021-07-16,04:01:17.289709,HALT,,,,,,,,,
334,,2021-07-16,04:01:17.502075,,,,,ON,,,,,
335,,2021-07-16,04:01:17.659013,,217.18691360110424,,,,,,,,
336,,2021-07-16,04:01:17.800095,,,40.24890092203685,,,,,,,
337,,2021-07-16,04:01:20.465943,,,,FPPP,,,,,,
338,0.0,2021-07-16,04:01:22.113555,,,,,,,,,,
339,,2021-07-16,04:01:22.305085,HALT,,,,,,,,,
340,,2021-07-16,04:01:22.536169,,,,"{'maxValueVolt': 4.987128236348461, 'minValueVolt': 0.12887170931554384, 'maxValueCurr': 19.99587311837783, 'minValueCurr': 3.965749837388445}",,,,,,
341,,2021-07-16,04:01:22.711950,,217.34689609024795,,,,,,,,
342,,2021-07-16,04:01:22.882706,,,50.295615999394045,,,,,,,
343,,2021-07-16,04:01:23.025964,,,,,,,,,Pass,
344,0.0,2021-07-16,04:01:27.116173,,,,,,,,,,
345,,2021-07-16,04:01:27.251895,HALT,,,,,,,,,
346,,2021-07-16,04:01:27.373080,,,,,,,23.408703575619,,,
347,,2021-07-16,04:01:27.539014,,217.51107537272046,,,,,,,,
348,,2021-07-16,04:01:27.733328,,,60.300833238181816,,,,,,,
349,,2021-07-16,04:01:29.053772,,,,,,,,OFF,,
350,,2021-07-16,04:01:31.160009,,,,,,55.82397256323633,,,,
351,0.0,2021-07-16,04:01:32.123368,,,,,,,,,,
352,,2021-07-16,04:01:32.313011,HALT,,,,,,,,,
353,,2021-07-16,04:01:32.540068,,217.46349696950568,,,,,,,,
354,,2021-07-16,04:01:32.757444,,,,,OFF,,,,,
355,,2021-07-16,04:01:32.971743,,,70.27366352938647,,,,,,,
356,0.0,2021-07-16,04:01:37.131508,,,,,,,,,,
357,,2021-07-16,04:01:37.377566,HALT,,,,,,,,,
358,,2021-07-16,04:01:37.576733,,217.60543937029988,,,,,,,,
359,,2021-07-16,04:01:37.735307,,,,"{'maxValueVolt': 4.963760240211776, 'minValueVolt': 0.148459191644681, 'maxValueCurr': 20.05121329001194, 'minValueCurr': 4.010106477203057}",,,,,,
360,,2021-07-16,04:01:37.957890,,,80.32410916121556,,,,,,,
361,,2021-07-16,04:01:38.153134,,,,,,,,,Pass,
362,,2021-07-16,04:01:40.965115,,,,PPPP,,,,,,
363,0.0,2021-07-16,04:01:42.144750,,,,,,,,,,
364,,2021-07-16,04:01:42.314772,HALT,,,,,,,,,
365,,2021-07-16,04:01:42.548675,,,,,,,23.45305735147427,,,
366,,2021-07-16,04:01:42.720717,,217.751895239224,,,,,,,,
367,,2021-07-16,04:01:42.908703,,,90.27395668382398,,,,,,,
368,,2021-07-16,04:01:44.145533,,,,,,,,OFF,,
369,,2021-07-16,04:01:46.187568,,,,,,55.89640324409981,,,,
370,0.0,2021-07-16,04:01:47.152650,,,,,,,,,,
371,,2021-07-16,04:01:47.343967,HALT,,,,,,,,,
372,,2021-07-16,04:01:47.571578,,217.91709118493083,,,,,,,,
373,,2021-07-16,04:01:47.742830,,,,,OFF,,,,,
374,,2021-07-16,04:01:47.921464,,,9.984761749177254,,,,,,,
375,0.0,2021-07-16,04:01:52.187385,,,,,,,,,,
376,,2021-07-16,04:01:52.389750,HALT,,,,,,,,,
377,,2021-07-16,04:01:52.554524,,217.7424590862828,,,,,,,,
378,,2021-07-16,04:01:52.736168,,,,"{'maxValueVolt': 4.990297605637142, 'minValueVolt': 0.07301339275971744, 'maxValueCurr': 19.962649683261255, 'minValueCurr': 3.956304902799501}",,,,,,
379,,2021-07-16,04:01:52.936228,,,19.966310021929928,,,,,,,
380,,2021-07-16,04:01:53.210186,,,,,,,,,Pass,
381,0.0,2021-07-16,04:01:57.195782,,,,,,,,,,
382,,2021-07-16,04:01:57.405300,HALT,,,,,,,,,
383,,2021-07-16,04:01:57.614390,,,,,,,23.439884388530178,,,
384,,2021-07-16,04:01:57.848377,,217.7046782654608,,,,,,,,
385,,2021-07-16,04:01:57.985740,,,29.923348647595464,,,,,,,
386,,2021-07-16,04:01:58.133121,,,,,,,,,,"{'True': 45, 'False': 15}"
387,,2021-07-16,04:01:59.225552,,,,,,,,OFF,,
388,,2021-07-16,04:02:01.213224,,,,,,55.86772520218109,,,,
389,,2021-07-16,04:02:01.882785,,,,PPPP,,,,,,
390,0.0,2021-07-16,04:02:02.199011,,,,,,,,,,
391,,2021-07-16,04:02:02.472148,HALT,,,,,,,,,
392,,2021-07-16,04:02:02.644208,,217.55142165922402,,,,,,,,
393,,2021-07-16,04:02:02.787286,,,39.94718277791224,,,,,,,
394,,2021-07-16,04:02:03.004189,,,,,OFF,,,,,
395,0.0,2021-07-16,04:02:07.222974,,,,,,,,,,
396,,2021-07-16,04:02:07.409423,HALT,,,,,,,,,
397,,2021-07-16,04:02:07.652265,,217.57776924686127,,,,,,,,
398,,2021-07-16,04:02:07.828098,,,50.01660119210946,,,,,,,
399,,2021-07-16,04:02:07.981696,,,,"{'maxValueVolt': 4.936480317365635, 'minValueVolt': 0.009510658799112944, 'maxValueCurr': 20.0326627179282, 'minValueCurr': 4.039334611841922}",,,,,,
400,,2021-07-16,04:02:08.272983,,,,,,,,,Pass,
401,0.0,2021-07-16,04:02:12.222881,,,,,,,,,,
402,,2021-07-16,04:02:12.387970,HALT,,,,,,,,,
403,,2021-07-16,04:02:12.556028,,,,,,,23.3811709461659,,,
404,,2021-07-16,04:02:12.731403,,217.4694833599358,,,,,,,,
405,,2021-07-16,04:02:12.911541,,,60.023409010388185,,,,,,,
406,,2021-07-16,04:02:14.309133,,,,,,,,OFF,,
407,,2021-07-16,04:02:16.225233,,,,,,55.90372158788276,,,,
408,0.0,2021-07-16,04:02:17.226868,,,,,,,,,,
409,,2021-07-16,04:02:17.374398,HALT,,,,,,,,,
410,,2021-07-16,04:02:17.608603,,217.33616074795918,,,,,,,,
411,,2021-07-16,04:02:17.772510,,,70.01842223638982,,,,,,,
412,,2021-07-16,04:02:17.949779,,,,,OFF,,,,,
413,,2021-07-16,04:02:19.712227,,,,PFPP,,,,,,
414,0.0,2021-07-16,04:02:22.247036,,,,,,,,,,
415,,2021-07-16,04:02:22.416238,HALT,,,,,,,,,
416,,2021-07-16,04:02:22.569225,,217.15955932360282,,,,,,,,
417,,2021-07-16,04:02:22.800514,,,79.97033294714895,,,,,,,
418,,2021-07-16,04:02:22.970108,,,,"{'maxValueVolt': 4.969603913641839, 'minValueVolt': 0.01592864812500202, 'maxValueCurr': 20.03436218491692, 'minValueCurr': 3.9752765655706}",,,,,,
419,,2021-07-16,04:02:23.370993,,,,,,,,,Pass,
420,0.0,2021-07-16,04:02:27.262560,,,,,,,,,,
421,,2021-07-16,04:02:27.516106,HALT,,,,,,,,,
422,,2021-07-16,04:02:27.729159,,,,,,,23.363380197062767,,,
423,,2021-07-16,04:02:27.988557,,217.3159150734326,,,,,,,,
424,,2021-07-16,04:02:28.161716,,,89.99844764088222,,,,,,,
425,,2021-07-16,04:02:29.398150,,,,,,,,OFF,,
426,,2021-07-16,04:02:31.242391,,,,,,55.95416566809482,,,,
427,0.0,2021-07-16,04:02:32.263385,,,,,,,,,,
428,,2021-07-16,04:02:32.454471,HALT,,,,,,,,,
429,,2021-07-16,04:02:32.639326,,217.41751677716914,,,,,,,,
430,,2021-07-16,04:02:32.815403,,,100.0152001122932,,,,,,,
431,,2021-07-16,04:02:32.973983,,,,,OFF,,,,,
432,0.0,2021-07-16,04:02:37.266924,,,,,,,,,,
433,,2021-07-16,04:02:37.485321,RUN,,,,,,,,,
434,,2021-07-16,04:02:37.685511,,217.42429183534716,,,,,,,,
435,,2021-07-16,04:02:37.848591,,,110.02045018423209,,,,,,,
436,,2021-07-16,04:02:38.065487,,,,"{'maxValueVolt': 5.283345068594867, 'minValueVolt': 0.08933767213076663, 'maxValueCurr': 19.951324058602346, 'minValueCurr': 3.9634678413803455}",,,,,,
437,,2021-07-16,04:02:38.410861,,,,PFPP,,,,,,
438,,2021-07-16,04:02:38.584205,,,,,,,,,Pass,
439,0.0,2021-07-16,04:02:42.327536,,,,,,,,,,
440,,2021-07-16,04:02:42.611699,RUN,,,,,,,,,
441,,2021-07-16,04:02:42.833697,,,,,,,23.308079545765466,,,
442,,2021-07-16,04:02:43.070824,,217.36039008081937,,,,,,,,
443,,2021-07-16,04:02:43.248859,,,10.055188943592006,,,,,,,
444,,2021-07-16,04:02:44.477119,,,,,,,,OFF,,
445,,2021-07-16,04:02:46.278219,,,,,,55.902627707715524,,,,
446,0.0,2021-07-16,04:02:47.322844,,,,,,,,,,
447,,2021-07-16,04:02:47.510709,RUN,,,,,,,,,
448,,2021-07-16,04:02:47.700027,,217.48443917309712,,,,,,,,
449,,2021-07-16,04:02:47.868099,,,20.047070175800464,,,,,,,
450,,2021-07-16,04:02:48.093106,,,,,OFF,,,,,
451,0.0,2021-07-16,04:02:52.341676,,,,,,,,,,
452,,2021-07-16,04:02:52.559102,RUN,,,,,,,,,
453,,2021-07-16,04:02:52.780036,,217.30524494595429,,,,,,,,
454,,2021-07-16,04:02:52.984936,,,30.074353781008643,,,,,,,
455,,2021-07-16,04:02:53.192659,,,,"{'maxValueVolt': 4.865665374808016, 'minValueVolt': -0.004034679307809426, 'maxValueCurr': 20.02084890504982, 'minValueCurr': 3.958952406330913}",,,,,,
456,,2021-07-16,04:02:53.549168,,,,,,,,,Pass,
457,0.0,2021-07-16,04:02:57.355518,,,,,,,,,,
458,,2021-07-16,04:02:57.562124,RUN,,,,,,,,,
459,,2021-07-16,04:02:57.724688,,,,,,,23.27952091295657,,,
460,,2021-07-16,04:02:58.028166,,217.47975575434853,,,,,,,,
461,,2021-07-16,04:02:58.229473,,,40.094868131408646,,,,,,,
462,,2021-07-16,04:02:58.430410,,,,,,,,,,"{'True': 35, 'False': 25}"
463,,2021-07-16,04:02:58.697561,,,,FPPP,,,,,,
464,,2021-07-16,04:02:59.572892,,,,,,,,OFF,,
465,,2021-07-16,04:03:01.308690,,,,,,55.835830517289025,,,,
466,0.0,2021-07-16,04:03:02.368783,,,,,,,,,,
467,,2021-07-16,04:03:02.552851,RUN,,,,,,,,,
468,,2021-07-16,04:03:02.706464,,217.63893607587045,,,,,,,,
469,,2021-07-16,04:03:02.919431,,,50.09675654908801,,,,,,,
470,,2021-07-16,04:03:03.126565,,,,,OFF,,,,,
471,0.0,2021-07-16,04:03:07.400893,,,,,,,,,,
472,,2021-07-16,04:03:07.562832,RUN,,,,,,,,,
473,,2021-07-16,04:03:07.738086,,217.46134916710662,,,,,,,,
474,,2021-07-16,04:03:07.980428,,,60.079062996705034,,,,,,,
475,,2021-07-16,04:03:08.123436,,,,"{'maxValueVolt': 4.876569616029143, 'minValueVolt': 0.14682230572925156, 'maxValueCurr': 19.94047414424339, 'minValueCurr': 3.9508044571772136}",,,,,,
476,,2021-07-16,04:03:08.644080,,,,,,,,,Pass,
477,0.0,2021-07-16,04:03:12.406442,,,,,,,,,,
478,,2021-07-16,04:03:12.569379,RUN,,,,,,,,,
479,,2021-07-16,04:03:12.752868,,,,,,,23.26379982332169,,,
480,,2021-07-16,04:03:12.912326,,217.4000173815517,,,,,,,,
481,,2021-07-16,04:03:13.046733,,,70.0424986873869,,,,,,,
482,,2021-07-16,04:03:14.664039,,,,,,,,OFF,,
483,,2021-07-16,04:03:16.320414,,,,,,55.90979092049768,,,,
484,,2021-07-16,04:14:55.461850,,,,FPPF,,,,,,
485,0.0,2021-07-16,04:14:55.793254,,,,,,,,,,
486,,2021-07-16,04:14:56.154773,RUN,,,,,,,,,
487,,2021-07-16,04:14:56.472675,,217.36067689670202,,,,,,,,
488,,2021-07-16,04:14:56.719348,,,80.02660575081377,,,,,,,
489,,2021-07-16,04:14:56.997692,,,,,OFF,,,,,
490,0.0,2021-07-16,04:14:57.360144,,,,,,,,,,
491,,2021-07-16,04:14:57.651823,RUN,,,,,,,,,
492,,2021-07-16,04:14:57.900159,,217.44727578111514,,,,,,,,
493,,2021-07-16,04:14:58.184479,,,90.05119611355889,,,,,,,
494,,2021-07-16,04:14:58.464650,,,,"{'maxValueVolt': 5.110142284502091, 'minValueVolt': -0.019278608853788324, 'maxValueCurr': 19.883376643674275, 'minValueCurr': 4.0130854243758405}",,,,,,
495,,2021-07-16,04:14:58.724482,,,,,,,,,Pass,
496,,2021-07-16,04:14:59.152250,,,,"{'maxValueVolt': 5.119832277022464, 'minValueVolt': -0.10062472500703042, 'maxValueCurr': 19.952493074725506, 'minValueCurr': 3.9701905596089304}",,,,,,
497,0.0,2021-07-16,04:14:59.480230,,,,,,,,,,
498,,2021-07-16,04:14:59.741881,RUN,,,,,,,,,
499,,2021-07-16,04:14:59.995848,,217.29947589532463,,,,,,,,
500,,2021-07-16,04:15:00.301659,,,9.898569175029307,,,,,,,
501,,2021-07-16,04:15:00.621595,,,,,,,,,Pass,
502,0.0,2021-07-16,04:15:00.914180,,,,,,,,,,
503,,2021-07-16,04:15:01.184372,RUN,,,,,,,,,
504,,2021-07-16,04:15:01.440646,,217.12388552241654,,,,,,,,
505,,2021-07-16,04:15:01.753113,,,,"{'maxValueVolt': 4.840093162440229, 'minValueVolt': -0.14661343493316165, 'maxValueCurr': 20.045072903002254, 'minValueCurr': 3.954499857042389}",,,,,,
506,,2021-07-16,04:15:02.080370,,,19.92588712876505,,,,,,,
507,0.0,2021-07-16,04:15:02.349631,,,,,,,,,,
508,,2021-07-16,04:15:02.572162,RUN,,,,,,,,,
509,,2021-07-16,04:15:02.894772,,216.95139044037444,,,,,,,,
510,,2021-07-16,04:15:03.244082,,,29.853809702262676,,,,,,,
511,,2021-07-16,04:15:03.496354,,,,,ON,,,,,
512,,2021-07-16,04:15:04.152398,,,,,,54.828315284190424,,,,
513,0.0,2021-07-16,04:15:05.416211,,,,,,,,,,
514,,2021-07-16,04:15:05.648357,RUN,,,,,,,,,
515,,2021-07-16,04:15:05.916910,,217.07034466685798,,,,,,,,
516,,2021-07-16,04:15:06.176435,,,39.8417941619536,,,,,,,
517,,2021-07-16,04:15:06.423279,,,,,,,,ON,,
518,,2021-07-16,04:15:07.469124,,,,,,,23.275734842430055,,,
519,,2021-07-16,04:15:07.832023,,,,,,,,,Pass,
520,0.0,2021-07-16,04:15:10.433186,,,,,,,,,,
521,,2021-07-16,04:15:10.722276,HALT,,,,,,,,,
522,,2021-07-16,04:15:10.948318,,217.1176328423923,,,,,,,,
523,,2021-07-16,04:15:11.312521,,,,"{'maxValueVolt': 4.8743254172087624, 'minValueVolt': -0.06051224708996139, 'maxValueCurr': 19.962871108250052, 'minValueCurr': 4.0636715296589125}",,,,,,
524,,2021-07-16,04:15:11.544332,,,49.88842224300477,,,,,,,
525,,2021-07-16,04:15:11.858333,,,,PPPF,,,,,,
526,0.0,2021-07-16,04:15:15.452643,,,,,,,,,,
527,,2021-07-16,04:15:15.732168,HALT,,,,,,,,,
528,,2021-07-16,04:15:16.036843,,217.23189150524624,,,,,,,,
529,,2021-07-16,04:15:16.311222,,,59.90056420857474,,,,,,,
530,,2021-07-16,04:15:17.190849,,,,,ON,,,,,
531,,2021-07-16,04:15:19.152142,,,,,,54.88722512729694,,,,
532,0.0,2021-07-16,04:15:20.448160,,,,,,,,,,
533,,2021-07-16,04:15:20.807534,RUN,,,,,,,,,
534,,2021-07-16,04:15:21.156925,,217.3370406300461,,,,,,,,
535,,2021-07-16,04:15:21.420303,,,69.90792483317986,,,,,,,
536,,2021-07-16,04:15:21.631452,,,,,,,,ON,,
537,,2021-07-16,04:15:22.460345,,,,,,,23.28489663165637,,,
538,,2021-07-16,04:15:22.908283,,,,,,,,,Pass,
539,0.0,2021-07-16,04:15:25.448580,,,,,,,,,,
540,,2021-07-16,04:15:25.792140,RUN,,,,,,,,,
541,,2021-07-16,04:15:26.020236,,217.15750240943828,,,,,,,,
542,,2021-07-16,04:15:26.244262,,,79.91442404350667,,,,,,,
543,,2021-07-16,04:15:26.448928,,,,"{'maxValueVolt': 5.122703100805682, 'minValueVolt': 0.07688921184333145, 'maxValueCurr': 20.056344426583166, 'minValueCurr': 4.115414389825772}",,,,,,
544,,2021-07-16,04:15:27.256461,,,,PFPP,,,,,,
545,0.0,2021-07-16,04:15:30.447103,,,,,,,,,,
546,,2021-07-16,04:15:30.764505,RUN,,,,,,,,,
547,,2021-07-16,04:15:31.017989,,216.97822096747063,,,,,,,,
548,,2021-07-16,04:15:31.255196,,,89.93943518450287,,,,,,,
549,,2021-07-16,04:15:32.309190,,,,,ON,,,,,
550,,2021-07-16,04:15:34.190923,,,,,,54.82431618603406,,,,
551,0.0,2021-07-16,04:15:35.507268,,,,,,,,,,
552,,2021-07-16,04:15:35.870476,RUN,,,,,,,,,
553,,2021-07-16,04:15:36.116175,,217.1266614488998,,,,,,,,
554,,2021-07-16,04:15:36.351192,,,99.89898815969002,,,,,,,
555,,2021-07-16,04:15:36.576242,,,,,,,,OFF,,
556,,2021-07-16,04:15:37.520369,,,,,,,23.26473277388943,,,
557,,2021-07-16,04:15:38.012609,,,,,,,,,Pass,
558,0.0,2021-07-16,04:15:40.525570,,,,,,,,,,
559,,2021-07-16,04:15:40.816392,RUN,,,,,,,,,
560,,2021-07-16,04:15:41.081142,,216.97618173203324,,,,,,,,
561,,2021-07-16,04:15:41.304493,,,109.93901466801613,,,,,,,
562,,2021-07-16,04:15:41.568697,,,,"{'maxValueVolt': 4.961877560892696, 'minValueVolt': -0.01777617051836473, 'maxValueCurr': 20.020432486485735, 'minValueCurr': 4.005270018886035}",,,,,,
563,0.0,2021-07-16,04:15:45.504508,,,,,,,,,,
564,,2021-07-16,04:15:45.857217,RUN,,,,,,,,,
565,,2021-07-16,04:15:46.145898,,216.8379299187983,,,,,,,,
566,,2021-07-16,04:15:46.394292,,,119.92139888628896,,,,,,,
567,,2021-07-16,04:15:46.644688,,,,,,,,,,"{'True': 40, 'False': 20}"
568,,2021-07-16,04:15:47.405521,,,,,ON,,,,,
569,,2021-07-16,04:15:47.736224,,,,PPPP,,,,,,
570,,2021-07-16,04:15:49.170126,,,,,,54.81447960236694,,,,
571,0.0,2021-07-16,04:15:50.548285,,,,,,,,,,
572,,2021-07-16,04:15:50.848366,HALT,,,,,,,,,
573,,2021-07-16,04:15:51.176349,,216.91245113494492,,,,,,,,
574,,2021-07-16,04:15:51.552156,,,129.92991518357064,,,,,,,
575,,2021-07-16,04:15:51.784492,,,,,,,,OFF,,
576,,2021-07-16,04:15:52.506322,,,,,,,23.27730989800229,,,
577,,2021-07-16,04:15:53.100289,,,,,,,,,Pass,
578,0.0,2021-07-16,04:15:55.524062,,,,,,,,,,
579,,2021-07-16,04:15:55.871827,HALT,,,,,,,,,
580,,2021-07-16,04:15:56.136302,,217.0271147251661,,,,,,,,
581,,2021-07-16,04:15:56.381426,,,9.993050155186943,,,,,,,
582,,2021-07-16,04:15:56.644602,,,,"{'maxValueVolt': 4.967829311834389, 'minValueVolt': 0.058104274418975047, 'maxValueCurr': 20.06204235376963, 'minValueCurr': 3.9326124491199996}",,,,,,
583,0.0,2021-07-16,04:16:00.548419,,,,,,,,,,
584,,2021-07-16,04:16:00.824809,HALT,,,,,,,,,
585,,2021-07-16,04:16:01.082286,,217.07194058389354,,,,,,,,
586,,2021-07-16,04:16:01.306434,,,19.998637806060287,,,,,,,
587,,2021-07-16,04:16:02.476314,,,,,ON,,,,,
588,,2021-07-16,04:16:04.224397,,,,,,54.877132807542,,,,
589,0.0,2021-07-16,04:16:05.600555,,,,,,,,,,
590,,2021-07-16,04:16:05.892089,HALT,,,,,,,,,
591,,2021-07-16,04:16:06.149620,,216.994777863165,,,,,,,,
592,,2021-07-16,04:16:06.413011,,,30.053026316950245,,,,,,,
593,,2021-07-16,04:16:06.652389,,,,,,,,OFF,,
594,,2021-07-16,04:16:07.532425,,,,,,,23.28935942880021,,,
595,,2021-07-16,04:16:08.232855,,,,,,,,,Pass,
596,,2021-07-16,04:16:08.616206,,,,PPPP,,,,,,
597,0.0,2021-07-16,04:16:10.551663,,,,,,,,,,
598,,2021-07-16,04:16:10.937480,HALT,,,,,,,,,
599,,2021-07-16,04:16:11.244291,,217.1703054781271,,,,,,,,
600,,2021-07-16,04:16:11.516289,,,40.09523789730015,,,,,,,
601,,2021-07-16,04:16:11.749796,,,,"{'maxValueVolt': 5.142263319985465, 'minValueVolt': 0.06110542307206255, 'maxValueCurr': 19.953966102059574, 'minValueCurr': 4.088253829574703}",,,,,,
602,0.0,2021-07-16,04:16:15.589866,,,,,,,,,,
603,,2021-07-16,04:16:15.911234,RUN,,,,,,,,,
604,,2021-07-16,04:16:16.142601,,217.0141383191232,,,,,,,,
605,,2021-07-16,04:16:16.400311,,,50.05958295108286,,,,,,,
606,,2021-07-16,04:16:17.584167,,,,,ON,,,,,
607,,2021-07-16,04:16:19.264145,,,,,,54.81429709315633,,,,
608,0.0,2021-07-16,04:16:20.567435,,,,,,,,,,
609,,2021-07-16,04:16:20.869857,RUN,,,,,,,,,
610,,2021-07-16,04:16:21.108948,,216.845324512758,,,,,,,,
611,,2021-07-16,04:16:21.400682,,,60.03122177379414,,,,,,,
612,,2021-07-16,04:16:21.648750,,,,,,,,OFF,,
613,,2021-07-16,04:16:22.584131,,,,,,,23.26806897628555,,,
614,,2021-07-16,04:16:23.280438,,,,,,,,,Pass,
615,0.0,2021-07-16,04:16:25.588249,,,,,,,,,,
616,,2021-07-16,04:16:25.977333,RUN,,,,,,,,,
617,,2021-07-16,04:16:26.244974,,216.66623847055072,,,,,,,,
618,,2021-07-16,04:16:26.510376,,,70.01276005735693,,,,,,,
619,,2021-07-16,04:16:26.839526,,,,"{'maxValueVolt': 4.976157166518592, 'minValueVolt': -0.13459481439945264, 'maxValueCurr': 19.97709484055663, 'minValueCurr': 4.0553765790612895}",,,,,,
620,,2021-07-16,04:16:27.382432,,,,PPPP,,,,,,
621,0.0,2021-07-16,04:16:30.572764,,,,,,,,,,
622,,2021-07-16,04:16:30.884556,RUN,,,,,,,,,
623,,2021-07-16,04:16:31.121403,,216.67822142709892,,,,,,,,
624,,2021-07-16,04:16:31.402788,,,80.03680233522965,,,,,,,
625,,2021-07-16,04:16:32.696340,,,,,ON,,,,,
626,,2021-07-16,04:16:34.246549,,,,,,54.79816485048338,,,,
627,0.0,2021-07-16,04:16:35.617686,,,,,,,,,,
628,,2021-07-16,04:16:35.902343,RUN,,,,,,,,,
629,,2021-07-16,04:16:36.233422,,216.6827047367431,,,,,,,,
630,,2021-07-16,04:16:36.472529,,,90.00512189099648,,,,,,,
631,,2021-07-16,04:16:36.711638,,,,,,,,OFF,,
632,,2021-07-16,04:16:37.612530,,,,,,,23.33849220824005,,,
633,,2021-07-16,04:16:38.452162,,,,,,,,,Pass,
634,0.0,2021-07-16,04:16:40.632269,,,,,,,,,,
635,,2021-07-16,04:16:40.946230,RUN,,,,,,,,,
636,,2021-07-16,04:16:41.216444,,216.85292332585968,,,,,,,,
637,,2021-07-16,04:16:41.460491,,,99.99291765601299,,,,,,,
638,,2021-07-16,04:16:41.719761,,,,"{'maxValueVolt': 4.985348315752927, 'minValueVolt': -0.01999122992384296, 'maxValueCurr': 20.079045031902574, 'minValueCurr': 3.991855146469239}",,,,,,
639,,2021-07-16,04:16:45.609222,,,,PPPP,,,,,,
640,0.0,2021-07-16,04:16:46.086705,,,,,,,,,,
641,,2021-07-16,04:16:46.377658,RUN,,,,,,,,,
642,,2021-07-16,04:16:46.648487,,217.00577252507838,,,,,,,,
643,,2021-07-16,04:16:46.924764,,,110.04691123186541,,,,,,,
644,,2021-07-16,04:16:47.185322,,,,,,,,,,"{'True': 36, 'False': 24}"
645,,2021-07-16,04:16:47.752294,,,,,ON,,,,,
646,,2021-07-16,04:16:49.296292,,,,,,54.85985639497663,,,,
647,0.0,2021-07-16,04:16:50.644611,,,,,,,,,,
648,,2021-07-16,04:16:50.925521,RUN,,,,,,,,,
649,,2021-07-16,04:16:51.196721,,216.95487276849386,,,,,,,,
650,,2021-07-16,04:16:51.424150,,,9.985761787203014,,,,,,,
651,,2021-07-16,04:16:51.681338,,,,,,,,OFF,,
652,,2021-07-16,04:16:52.620476,,,,,,,23.34213411834281,,,
653,,2021-07-16,04:16:53.497029,,,,,,,,,Pass,
654,0.0,2021-07-16,04:16:55.642094,,,,,,,,,,
655,,2021-07-16,04:16:55.936583,RUN,,,,,,,,,
656,,2021-07-16,04:16:56.184592,,216.78720231123626,,,,,,,,
657,,2021-07-16,04:16:56.460309,,,19.938595608935124,,,,,,,
658,,2021-07-16,04:16:56.709068,,,,"{'maxValueVolt': 5.031403598641751, 'minValueVolt': 0.007455037580465407, 'maxValueCurr': 19.99658212528427, 'minValueCurr': 3.929776371952491}",,,,,,
659,0.0,2021-07-16,04:17:00.656271,,,,,,,,,,
660,,2021-07-16,04:17:01.013852,RUN,,,,,,,,,
661,,2021-07-16,04:17:01.305893,,216.7872126187093,,,,,,,,
662,,2021-07-16,04:17:01.580409,,,29.970636530504226,,,,,,,
663,,2021-07-16,04:17:02.828674,,,,,ON,,,,,
664,,2021-07-16,04:17:04.328050,,,,,,54.92333301674649,,,,
665,,2021-07-16,04:17:05.198438,,,,PPFP,,,,,,
666,0.0,2021-07-16,04:17:05.632786,,,,,,,,,,
667,,2021-07-16,04:17:05.923654,RUN,,,,,,,,,
668,,2021-07-16,04:17:06.224175,,216.67683694935832,,,,,,,,
669,,2021-07-16,04:17:06.478008,,,39.95954197313229,,,,,,,
670,,2021-07-16,04:17:06.799682,,,,,,,,OFF,,
671,,2021-07-16,04:17:07.644145,,,,,,,23.289918285273078,,,
672,,2021-07-16,04:17:08.558546,,,,,,,,,Pass,
673,0.0,2021-07-16,04:17:10.676953,,,,,,,,,,
674,,2021-07-16,04:17:10.998907,RUN,,,,,,,,,
675,,2021-07-16,04:17:11.268171,,216.50660250310642,,,,,,,,
676,,2021-07-16,04:17:11.556182,,,49.93049026518307,,,,,,,
677,,2021-07-16,04:17:11.816552,,,,"{'maxValueVolt': 5.102643826825808, 'minValueVolt': 0.050563905157455125, 'maxValueCurr': 19.974257126879202, 'minValueCurr': 4.0305828605011795}",,,,,,
678,0.0,2021-07-16,04:17:15.665731,,,,,,,,,,
679,,2021-07-16,04:17:15.999555,RUN,,,,,,,,,
680,,2021-07-16,04:17:16.248193,,216.43417002741523,,,,,,,,
681,,2021-07-16,04:17:16.484604,,,59.87481839441922,,,,,,,
682,,2021-07-16,04:17:17.923485,,,,,ON,,,,,
683,,2021-07-16,04:17:19.333874,,,,,,54.92994204399506,,,,
684,0.0,2021-07-16,04:17:20.692433,,,,,,,,,,
685,,2021-07-16,04:17:21.050449,RUN,,,,,,,,,
686,,2021-07-16,04:17:21.310726,,216.52343800374248,,,,,,,,
687,,2021-07-16,04:17:21.584768,,,69.83577293907224,,,,,,,
688,,2021-07-16,04:17:21.837028,,,,,,,,OFF,,
689,,2021-07-16,04:17:22.668494,,,,,,,23.30519414066046,,,
690,,2021-07-16,04:17:23.649828,,,,,,,,,Pass,
691,,2021-07-16,04:17:24.751978,,,,FPPP,,,,,,
692,0.0,2021-07-16,04:17:25.697827,,,,,,,,,,
693,,2021-07-16,04:17:25.964308,RUN,,,,,,,,,
694,,2021-07-16,04:17:26.316111,,216.70077983950176,,,,,,,,
695,,2021-07-16,04:17:26.576303,,,79.8200693590138,,,,,,,
696,,2021-07-16,04:17:26.844299,,,,"{'maxValueVolt': 5.191387359588747, 'minValueVolt': -0.08990722340243162, 'maxValueCurr': 19.97592836018451, 'minValueCurr': 3.969408535603766}",,,,,,
697,0.0,2021-07-16,04:17:30.707398,,,,,,,,,,
698,,2021-07-16,04:17:31.108264,RUN,,,,,,,,,
699,,2021-07-16,04:17:31.343969,,216.54028976837964,,,,,,,,
700,,2021-07-16,04:17:31.612566,,,89.86637220218115,,,,,,,
701,,2021-07-16,04:17:33.044898,,,,,ON,,,,,
702,,2021-07-16,04:17:34.348779,,,,,,54.85801592818129,,,,
703,0.0,2021-07-16,04:17:35.760322,,,,,,,,,,
704,,2021-07-16,04:17:36.074408,HALT,,,,,,,,,
705,,2021-07-16,04:17:36.324812,,216.68132592775564,,,,,,,,
706,,2021-07-16,04:17:36.604158,,,99.98631320541462,,,,,,,
707,,2021-07-16,04:17:36.916191,,,,,,,,OFF,,
708,,2021-07-16,04:17:37.704295,,,,,,,23.34705449384686,,,
709,,2021-07-16,04:17:38.734329,,,,,,,,,Pass,
710,0.0,2021-07-16,04:17:40.768003,,,,,,,,,,
711,,2021-07-16,04:17:41.120178,HALT,,,,,,,,,
712,,2021-07-16,04:17:41.356521,,216.75795577913487,,,,,,,,
713,,2021-07-16,04:17:41.649119,,,109.98443683632132,,,,,,,
714,,2021-07-16,04:17:41.900374,,,,"{'maxValueVolt': 5.0772547668224135, 'minValueVolt': -0.06709385420526827, 'maxValueCurr': 19.95636567089453, 'minValueCurr': 4.0013732905178845}",,,,,,
715,0.0,2021-07-16,04:17:45.760158,,,,,,,,,,
716,,2021-07-16,04:17:46.267572,HALT,,,,,,,,,
717,,2021-07-16,04:17:46.620687,,216.8749308190658,,,,,,,,
718,,2021-07-16,04:17:47.098970,,,119.94995486861882,,,,,,,
719,,2021-07-16,04:17:47.632500,,,,,,,,,,"{'True': 44, 'False': 16}"
720,,2021-07-16,04:17:48.035547,,,,PPPF,,,,,,
721,,2021-07-16,04:17:48.383331,,,,,ON,,,,,
722,,2021-07-16,04:17:49.386946,,,,,,54.897291744735355,,,,
723,0.0,2021-07-16,04:17:50.790694,,,,,,,,,,
724,,2021-07-16,04:17:51.148536,HALT,,,,,,,,,
725,,2021-07-16,04:17:51.371975,,216.7083261744833,,,,,,,,
726,,2021-07-16,04:17:51.625131,,,9.970428009858164,,,,,,,
727,,2021-07-16,04:17:51.900277,,,,,,,,OFF,,
728,,2021-07-16,04:17:52.700711,,,,,,,23.407644190469107,,,
729,,2021-07-16,04:17:53.840628,,,,,,,,,Pass,
730,0.0,2021-07-16,04:17:55.772877,,,,,,,,,,
731,,2021-07-16,04:17:56.115574,HALT,,,,,,,,,
732,,2021-07-16,04:17:56.388323,,216.5876807022166,,,,,,,,
733,,2021-07-16,04:17:56.627913,,,19.93826650719776,,,,,,,
734,,2021-07-16,04:17:56.972211,,,,"{'maxValueVolt': 4.927341127467091, 'minValueVolt': -0.13076635879793228, 'maxValueCurr': 20.11225781445804, 'minValueCurr': 4.005987092662707}",,,,,,
735,0.0,2021-07-16,04:18:00.788484,,,,,,,,,,
736,,2021-07-16,04:18:01.084521,HALT,,,,,,,,,
737,,2021-07-16,04:18:01.344236,,216.723540336336,,,,,,,,
738,,2021-07-16,04:18:01.566608,,,29.87662740159302,,,,,,,
739,,2021-07-16,04:18:03.212610,,,,,ON,,,,,
740,,2021-07-16,04:18:04.432666,,,,,,54.90133274495314,,,,
741,0.0,2021-07-16,04:18:05.770565,,,,,,,,,,
742,,2021-07-16,04:18:06.093730,HALT,,,,,,,,,
743,,2021-07-16,04:18:06.360096,,216.86498347859163,,,,,,,,
744,,2021-07-16,04:18:06.596320,,,39.791125957563054,,,,,,,
745,,2021-07-16,04:18:07.004252,,,,,,,,OFF,,
